time,strain,temp,stress,type,state,form,process,medium,title,youngs,poissons
0,0,750,118,creep,Ruptured,Plate,Base,Air,AirBase_750_118_b,161000,0.3
0,0,,,,,,,,,,
0.018,9.00E-05,,,,,,,,,,
0.022,0.00047,,,,,,,,,,
0.026,0.00053,,,,,,,,,,
0.031,0.00062,,,,,,,,,,
0.035,0.00065,,,,,,,,,,
0.04,0.00073,,,,,,,,,,
0.044,0.0007,,,,,,,,,,
0.048,0.00074,,,,,,,,,,
0.053,0.00054,,,,,,,,,,
0.057,0.00087,,,,,,,,,,
0.062,0.00088,,,,,,,,,,
0.066,0.00104,,,,,,,,,,
0.07,0.00082,,,,,,,,,,
0.075,0.00094,,,,,,,,,,
0.079,0.00087,,,,,,,,,,
0.083,0.00113,,,,,,,,,,
0.088,0.00104,,,,,,,,,,
0.092,0.00093,,,,,,,,,,
0.097,0.0011,,,,,,,,,,
0.101,0.00098,,,,,,,,,,
0.105,0.00102,,,,,,,,,,
0.11,0.00094,,,,,,,,,,
0.114,0.00128,,,,,,,,,,
0.119,0.00111,,,,,,,,,,
0.123,0.00111,,,,,,,,,,
0.127,0.00096,,,,,,,,,,
0.132,0.00098,,,,,,,,,,
0.136,0.00115,,,,,,,,,,
0.141,0.00122,,,,,,,,,,
0.145,0.00115,,,,,,,,,,
0.149,0.00111,,,,,,,,,,
0.154,0.00114,,,,,,,,,,
0.158,0.00133,,,,,,,,,,
0.163,0.00123,,,,,,,,,,
0.167,0.00114,,,,,,,,,,
0.171,0.00129,,,,,,,,,,
0.176,0.00133,,,,,,,,,,
0.18,0.00122,,,,,,,,,,
0.185,0.00109,,,,,,,,,,
0.189,0.00125,,,,,,,,,,
0.193,0.00151,,,,,,,,,,
0.198,0.00133,,,,,,,,,,
0.202,0.00137,,,,,,,,,,
0.207,0.00123,,,,,,,,,,
0.211,0.00123,,,,,,,,,,
0.215,0.00126,,,,,,,,,,
0.22,0.00116,,,,,,,,,,
0.224,0.00111,,,,,,,,,,
0.229,0.00137,,,,,,,,,,
0.233,0.00131,,,,,,,,,,
0.237,0.00138,,,,,,,,,,
0.242,0.00137,,,,,,,,,,
0.246,0.00132,,,,,,,,,,
1.25,0.00212,,,,,,,,,,
3.25,0.00322,,,,,,,,,,
5.25,0.00387,,,,,,,,,,
6.199,0.00423,,,,,,,,,,
8.199,0.00448,,,,,,,,,,
10.199,0.00469,,,,,,,,,,
12.199,0.00494,,,,,,,,,,
12.993,0.00517,,,,,,,,,,
14.993,0.00548,,,,,,,,,,
16.993,0.00579,,,,,,,,,,
18.993,0.00598,,,,,,,,,,
20.993,0.00625,,,,,,,,,,
22.061,0.0063,,,,,,,,,,
24.061,0.00615,,,,,,,,,,
26.061,0.00635,,,,,,,,,,
28.061,0.00649,,,,,,,,,,
30.061,0.0069,,,,,,,,,,
32.061,0.00709,,,,,,,,,,
34.061,0.00719,,,,,,,,,,
36.061,0.00735,,,,,,,,,,
38.061,0.00749,,,,,,,,,,
40.061,0.00766,,,,,,,,,,
42.061,0.0076,,,,,,,,,,
44.061,0.00799,,,,,,,,,,
46.061,0.00802,,,,,,,,,,
48.061,0.00789,,,,,,,,,,
50.061,0.00789,,,,,,,,,,
52.061,0.00822,,,,,,,,,,
54.061,0.00825,,,,,,,,,,
56.061,0.00829,,,,,,,,,,
58.061,0.00827,,,,,,,,,,
60.061,0.00863,,,,,,,,,,
62.061,0.00868,,,,,,,,,,
64.061,0.00874,,,,,,,,,,
66.061,0.00898,,,,,,,,,,
68.061,0.00897,,,,,,,,,,
70.061,0.00897,,,,,,,,,,
72.061,0.00903,,,,,,,,,,
74.061,0.00943,,,,,,,,,,
76.061,0.00917,,,,,,,,,,
78.061,0.00939,,,,,,,,,,
80.061,0.00945,,,,,,,,,,
82.061,0.00951,,,,,,,,,,
84.061,0.00984,,,,,,,,,,
86.061,0.00986,,,,,,,,,,
88.061,0.00997,,,,,,,,,,
90.061,0.01028,,,,,,,,,,
92.061,0.01036,,,,,,,,,,
94.061,0.01051,,,,,,,,,,
96.061,0.01039,,,,,,,,,,
98.061,0.01022,,,,,,,,,,
100.06,0.01048,,,,,,,,,,
102.06,0.01076,,,,,,,,,,
104.06,0.01073,,,,,,,,,,
106.06,0.01074,,,,,,,,,,
108.06,0.0108,,,,,,,,,,
110.06,0.01102,,,,,,,,,,
112.06,0.01103,,,,,,,,,,
114.06,0.01124,,,,,,,,,,
116.06,0.01114,,,,,,,,,,
118.06,0.01118,,,,,,,,,,
120.06,0.0113,,,,,,,,,,
122.06,0.01157,,,,,,,,,,
124.06,0.01152,,,,,,,,,,
126.06,0.01166,,,,,,,,,,
128.06,0.01178,,,,,,,,,,
130.06,0.01188,,,,,,,,,,
132.06,0.01167,,,,,,,,,,
134.06,0.01194,,,,,,,,,,
136.06,0.01194,,,,,,,,,,
138.06,0.01218,,,,,,,,,,
140.06,0.01221,,,,,,,,,,
142.06,0.01245,,,,,,,,,,
144.06,0.01234,,,,,,,,,,
146.06,0.01246,,,,,,,,,,
148.06,0.01234,,,,,,,,,,
150.06,0.01246,,,,,,,,,,
152.06,0.0125,,,,,,,,,,
154.06,0.01264,,,,,,,,,,
156.06,0.01288,,,,,,,,,,
158.06,0.01275,,,,,,,,,,
160.06,0.01304,,,,,,,,,,
162.06,0.01315,,,,,,,,,,
164.06,0.01308,,,,,,,,,,
166.06,0.01326,,,,,,,,,,
168.06,0.01316,,,,,,,,,,
170.06,0.01332,,,,,,,,,,
172.06,0.01333,,,,,,,,,,
174.06,0.01345,,,,,,,,,,
176.06,0.01338,,,,,,,,,,
178.06,0.01358,,,,,,,,,,
180.06,0.0138,,,,,,,,,,
182.06,0.01389,,,,,,,,,,
184.06,0.01362,,,,,,,,,,
186.06,0.01372,,,,,,,,,,
188.06,0.01402,,,,,,,,,,
190.06,0.01403,,,,,,,,,,
192.06,0.0141,,,,,,,,,,
194.06,0.01397,,,,,,,,,,
196.06,0.01433,,,,,,,,,,
198.06,0.01403,,,,,,,,,,
200.06,0.01436,,,,,,,,,,
202.06,0.01445,,,,,,,,,,
204.06,0.01466,,,,,,,,,,
206.06,0.01457,,,,,,,,,,
208.06,0.01467,,,,,,,,,,
210.06,0.01456,,,,,,,,,,
212.06,0.01474,,,,,,,,,,
214.06,0.0148,,,,,,,,,,
216.06,0.01484,,,,,,,,,,
218.06,0.01472,,,,,,,,,,
220.06,0.01485,,,,,,,,,,
222.06,0.01462,,,,,,,,,,
224.06,0.01479,,,,,,,,,,
226.06,0.01482,,,,,,,,,,
228.06,0.01505,,,,,,,,,,
230.06,0.01519,,,,,,,,,,
232.06,0.01537,,,,,,,,,,
234.06,0.01535,,,,,,,,,,
236.06,0.01548,,,,,,,,,,
238.06,0.01557,,,,,,,,,,
240.06,0.01555,,,,,,,,,,
242.06,0.01571,,,,,,,,,,
244.06,0.01584,,,,,,,,,,
246.06,0.01584,,,,,,,,,,
248.06,0.01602,,,,,,,,,,
250.06,0.01607,,,,,,,,,,
252.06,0.016,,,,,,,,,,
254.06,0.01631,,,,,,,,,,
256.06,0.01635,,,,,,,,,,
258.06,0.01625,,,,,,,,,,
260.06,0.01634,,,,,,,,,,
262.06,0.01625,,,,,,,,,,
264.06,0.01656,,,,,,,,,,
266.06,0.01639,,,,,,,,,,
268.06,0.01667,,,,,,,,,,
270.06,0.01673,,,,,,,,,,
272.06,0.01657,,,,,,,,,,
274.06,0.01671,,,,,,,,,,
276.06,0.01687,,,,,,,,,,
278.06,0.01685,,,,,,,,,,
280.06,0.01726,,,,,,,,,,
282.06,0.01705,,,,,,,,,,
284.06,0.01711,,,,,,,,,,
286.06,0.01728,,,,,,,,,,
288.06,0.01747,,,,,,,,,,
290.06,0.01716,,,,,,,,,,
292.06,0.01741,,,,,,,,,,
294.06,0.01757,,,,,,,,,,
296.06,0.0174,,,,,,,,,,
298.06,0.01763,,,,,,,,,,
300.06,0.01781,,,,,,,,,,
302.06,0.01768,,,,,,,,,,
304.06,0.01795,,,,,,,,,,
306.06,0.01764,,,,,,,,,,
308.06,0.01789,,,,,,,,,,
310.06,0.01802,,,,,,,,,,
312.06,0.01804,,,,,,,,,,
314.06,0.01789,,,,,,,,,,
316.06,0.01819,,,,,,,,,,
318.06,0.01819,,,,,,,,,,
320.06,0.01814,,,,,,,,,,
322.06,0.01819,,,,,,,,,,
324.06,0.01836,,,,,,,,,,
326.06,0.01856,,,,,,,,,,
328.06,0.01849,,,,,,,,,,
330.06,0.01849,,,,,,,,,,
332.06,0.01856,,,,,,,,,,
334.06,0.01872,,,,,,,,,,
336.06,0.01879,,,,,,,,,,
338.06,0.01878,,,,,,,,,,
340.06,0.01878,,,,,,,,,,
342.06,0.019,,,,,,,,,,
344.06,0.01895,,,,,,,,,,
346.06,0.01918,,,,,,,,,,
348.06,0.01912,,,,,,,,,,
350.06,0.01907,,,,,,,,,,
352.06,0.01908,,,,,,,,,,
354.06,0.01909,,,,,,,,,,
356.06,0.01911,,,,,,,,,,
358.06,0.01937,,,,,,,,,,
360.06,0.0194,,,,,,,,,,
362.06,0.01954,,,,,,,,,,
364.06,0.01959,,,,,,,,,,
366.06,0.01969,,,,,,,,,,
368.06,0.01969,,,,,,,,,,
370.06,0.01979,,,,,,,,,,
372.06,0.01984,,,,,,,,,,
374.06,0.01993,,,,,,,,,,
376.06,0.02005,,,,,,,,,,
378.06,0.02001,,,,,,,,,,
380.06,0.02007,,,,,,,,,,
382.06,0.02002,,,,,,,,,,
384.06,0.02023,,,,,,,,,,
386.06,0.02005,,,,,,,,,,
388.06,0.02022,,,,,,,,,,
390.06,0.0205,,,,,,,,,,
392.06,0.02036,,,,,,,,,,
394.06,0.02068,,,,,,,,,,
396.06,0.02058,,,,,,,,,,
398.06,0.02056,,,,,,,,,,
400.06,0.02069,,,,,,,,,,
402.06,0.0207,,,,,,,,,,
404.06,0.02058,,,,,,,,,,
406.06,0.02102,,,,,,,,,,
408.06,0.02087,,,,,,,,,,
410.06,0.02089,,,,,,,,,,
412.06,0.02085,,,,,,,,,,
414.06,0.02121,,,,,,,,,,
416.06,0.02087,,,,,,,,,,
418.06,0.02123,,,,,,,,,,
420.06,0.02114,,,,,,,,,,
422.06,0.02134,,,,,,,,,,
424.06,0.02155,,,,,,,,,,
426.06,0.02144,,,,,,,,,,
428.06,0.0215,,,,,,,,,,
430.06,0.02152,,,,,,,,,,
432.06,0.02166,,,,,,,,,,
434.06,0.02164,,,,,,,,,,
436.06,0.02163,,,,,,,,,,
438.06,0.02152,,,,,,,,,,
440.06,0.02167,,,,,,,,,,
442.06,0.0217,,,,,,,,,,
444.06,0.02191,,,,,,,,,,
446.06,0.0218,,,,,,,,,,
448.06,0.02174,,,,,,,,,,
450.06,0.02202,,,,,,,,,,
452.06,0.02197,,,,,,,,,,
454.06,0.02197,,,,,,,,,,
456.06,0.02208,,,,,,,,,,
458.06,0.02216,,,,,,,,,,
460.06,0.02237,,,,,,,,,,
462.06,0.02224,,,,,,,,,,
464.06,0.02243,,,,,,,,,,
478.39,0.02255,,,,,,,,,,
480.39,0.0229,,,,,,,,,,
482.39,0.02285,,,,,,,,,,
484.39,0.02301,,,,,,,,,,
486.39,0.02302,,,,,,,,,,
488.39,0.02319,,,,,,,,,,
490.39,0.02341,,,,,,,,,,
492.39,0.02323,,,,,,,,,,
494.39,0.02332,,,,,,,,,,
496.39,0.02321,,,,,,,,,,
498.39,0.0235,,,,,,,,,,
500.39,0.02344,,,,,,,,,,
502.19,0.02337,,,,,,,,,,
504.19,0.02346,,,,,,,,,,
506.19,0.02353,,,,,,,,,,
508.19,0.02355,,,,,,,,,,
510.19,0.02383,,,,,,,,,,
512.19,0.02393,,,,,,,,,,
514.19,0.02388,,,,,,,,,,
516.19,0.02387,,,,,,,,,,
518.19,0.02386,,,,,,,,,,
520.19,0.02392,,,,,,,,,,
522.19,0.02412,,,,,,,,,,
524.19,0.024,,,,,,,,,,
526.19,0.02412,,,,,,,,,,
528.19,0.02413,,,,,,,,,,
530.19,0.0241,,,,,,,,,,
532.19,0.02421,,,,,,,,,,
534.19,0.02421,,,,,,,,,,
536.19,0.02427,,,,,,,,,,
538.19,0.02431,,,,,,,,,,
540.19,0.02442,,,,,,,,,,
542.19,0.02465,,,,,,,,,,
544.19,0.02462,,,,,,,,,,
546.19,0.02465,,,,,,,,,,
548.19,0.02489,,,,,,,,,,
550.19,0.02485,,,,,,,,,,
552.19,0.02483,,,,,,,,,,
554.19,0.02497,,,,,,,,,,
556.19,0.02489,,,,,,,,,,
558.19,0.02499,,,,,,,,,,
560.19,0.02495,,,,,,,,,,
562.19,0.02497,,,,,,,,,,
564.19,0.0252,,,,,,,,,,
566.19,0.02531,,,,,,,,,,
568.19,0.02522,,,,,,,,,,
570.19,0.02539,,,,,,,,,,
572.19,0.02555,,,,,,,,,,
574.19,0.02535,,,,,,,,,,
576.19,0.02556,,,,,,,,,,
578.19,0.02555,,,,,,,,,,
580.19,0.02547,,,,,,,,,,
582.19,0.02547,,,,,,,,,,
584.19,0.02556,,,,,,,,,,
586.19,0.02569,,,,,,,,,,
588.19,0.0257,,,,,,,,,,
590.19,0.02579,,,,,,,,,,
592.19,0.02597,,,,,,,,,,
594.19,0.0259,,,,,,,,,,
596.19,0.02613,,,,,,,,,,
598.19,0.02603,,,,,,,,,,
600.19,0.02622,,,,,,,,,,
602.19,0.02611,,,,,,,,,,
604.19,0.02627,,,,,,,,,,
606.19,0.02637,,,,,,,,,,
608.19,0.02624,,,,,,,,,,
610.19,0.02639,,,,,,,,,,
612.19,0.02644,,,,,,,,,,
614.19,0.02657,,,,,,,,,,
616.19,0.02686,,,,,,,,,,
618.19,0.02644,,,,,,,,,,
620.19,0.02662,,,,,,,,,,
622.19,0.02647,,,,,,,,,,
624.19,0.02667,,,,,,,,,,
626.19,0.02677,,,,,,,,,,
628.19,0.02694,,,,,,,,,,
630.19,0.02702,,,,,,,,,,
632.19,0.02689,,,,,,,,,,
634.19,0.02694,,,,,,,,,,
636.19,0.02698,,,,,,,,,,
638.19,0.02721,,,,,,,,,,
640.19,0.02706,,,,,,,,,,
642.19,0.02723,,,,,,,,,,
644.19,0.02707,,,,,,,,,,
646.19,0.02715,,,,,,,,,,
648.19,0.0274,,,,,,,,,,
650.19,0.02726,,,,,,,,,,
652.19,0.02749,,,,,,,,,,
654.19,0.02744,,,,,,,,,,
656.19,0.0275,,,,,,,,,,
658.19,0.02776,,,,,,,,,,
660.19,0.02767,,,,,,,,,,
662.19,0.02773,,,,,,,,,,
664.19,0.02782,,,,,,,,,,
666.19,0.02804,,,,,,,,,,
668.19,0.02795,,,,,,,,,,
670.19,0.02814,,,,,,,,,,
672.19,0.02794,,,,,,,,,,
674.19,0.02813,,,,,,,,,,
676.19,0.02799,,,,,,,,,,
678.19,0.02818,,,,,,,,,,
680.19,0.02834,,,,,,,,,,
682.19,0.02823,,,,,,,,,,
684.19,0.02817,,,,,,,,,,
686.19,0.02836,,,,,,,,,,
688.19,0.02846,,,,,,,,,,
690.19,0.02836,,,,,,,,,,
692.19,0.02863,,,,,,,,,,
694.19,0.02866,,,,,,,,,,
696.19,0.02847,,,,,,,,,,
698.19,0.02841,,,,,,,,,,
700.19,0.02859,,,,,,,,,,
702.19,0.0285,,,,,,,,,,
704.19,0.02863,,,,,,,,,,
706.19,0.02874,,,,,,,,,,
708.19,0.02881,,,,,,,,,,
710.19,0.029,,,,,,,,,,
712.19,0.02892,,,,,,,,,,
714.19,0.02904,,,,,,,,,,
716.19,0.02927,,,,,,,,,,
718.19,0.02922,,,,,,,,,,
720.19,0.02928,,,,,,,,,,
722.19,0.02917,,,,,,,,,,
724.19,0.02935,,,,,,,,,,
726.19,0.0294,,,,,,,,,,
728.19,0.02933,,,,,,,,,,
730.19,0.02953,,,,,,,,,,
732.19,0.02944,,,,,,,,,,
734.19,0.02974,,,,,,,,,,
736.19,0.02973,,,,,,,,,,
738.19,0.02998,,,,,,,,,,
740.19,0.02986,,,,,,,,,,
742.19,0.03002,,,,,,,,,,
744.19,0.03002,,,,,,,,,,
746.19,0.02995,,,,,,,,,,
748.19,0.03022,,,,,,,,,,
750.19,0.03022,,,,,,,,,,
752.19,0.03025,,,,,,,,,,
754.19,0.03039,,,,,,,,,,
756.19,0.03024,,,,,,,,,,
758.19,0.03044,,,,,,,,,,
760.19,0.03049,,,,,,,,,,
762.19,0.03055,,,,,,,,,,
764.19,0.03055,,,,,,,,,,
766.19,0.03043,,,,,,,,,,
768.19,0.03062,,,,,,,,,,
770.19,0.03062,,,,,,,,,,
772.19,0.03067,,,,,,,,,,
774.19,0.03088,,,,,,,,,,
776.19,0.03083,,,,,,,,,,
778.19,0.03115,,,,,,,,,,
780.19,0.03091,,,,,,,,,,
782.19,0.03123,,,,,,,,,,
784.19,0.03121,,,,,,,,,,
786.19,0.0313,,,,,,,,,,
788.19,0.03123,,,,,,,,,,
790.19,0.0315,,,,,,,,,,
792.19,0.03144,,,,,,,,,,
794.19,0.03137,,,,,,,,,,
796.19,0.0315,,,,,,,,,,
798.19,0.03144,,,,,,,,,,
800.19,0.03155,,,,,,,,,,
802.19,0.03172,,,,,,,,,,
804.19,0.03172,,,,,,,,,,
806.19,0.03165,,,,,,,,,,
808.19,0.03205,,,,,,,,,,
810.19,0.03211,,,,,,,,,,
812.19,0.03208,,,,,,,,,,
814.19,0.03183,,,,,,,,,,
816.19,0.03199,,,,,,,,,,
818.19,0.03222,,,,,,,,,,
820.19,0.03247,,,,,,,,,,
822.19,0.03243,,,,,,,,,,
824.19,0.03243,,,,,,,,,,
826.19,0.03248,,,,,,,,,,
828.19,0.03258,,,,,,,,,,
830.19,0.03269,,,,,,,,,,
832.19,0.03269,,,,,,,,,,
834.19,0.03268,,,,,,,,,,
836.19,0.03291,,,,,,,,,,
838.19,0.03292,,,,,,,,,,
840.19,0.033,,,,,,,,,,
842.19,0.03311,,,,,,,,,,
844.19,0.03306,,,,,,,,,,
846.19,0.03317,,,,,,,,,,
848.19,0.03317,,,,,,,,,,
850.19,0.03329,,,,,,,,,,
852.19,0.03335,,,,,,,,,,
854.19,0.03352,,,,,,,,,,
856.19,0.03345,,,,,,,,,,
858.19,0.03355,,,,,,,,,,
860.19,0.03363,,,,,,,,,,
862.19,0.03358,,,,,,,,,,
864.19,0.0338,,,,,,,,,,
866.19,0.03376,,,,,,,,,,
868.19,0.03381,,,,,,,,,,
870.19,0.03401,,,,,,,,,,
872.19,0.03402,,,,,,,,,,
874.19,0.03403,,,,,,,,,,
876.19,0.03404,,,,,,,,,,
878.19,0.03407,,,,,,,,,,
880.19,0.03416,,,,,,,,,,
882.19,0.03421,,,,,,,,,,
884.19,0.03431,,,,,,,,,,
886.19,0.03427,,,,,,,,,,
888.19,0.03457,,,,,,,,,,
890.19,0.03445,,,,,,,,,,
892.19,0.03461,,,,,,,,,,
894.19,0.03465,,,,,,,,,,
896.19,0.03469,,,,,,,,,,
898.19,0.03474,,,,,,,,,,
900.19,0.03489,,,,,,,,,,
902.19,0.03473,,,,,,,,,,
904.19,0.03492,,,,,,,,,,
906.19,0.03485,,,,,,,,,,
908.19,0.03481,,,,,,,,,,
910.19,0.03512,,,,,,,,,,
912.19,0.03507,,,,,,,,,,
914.19,0.03537,,,,,,,,,,
916.19,0.03519,,,,,,,,,,
918.19,0.03525,,,,,,,,,,
920.19,0.03536,,,,,,,,,,
922.19,0.03533,,,,,,,,,,
924.19,0.03549,,,,,,,,,,
926.19,0.03555,,,,,,,,,,
928.19,0.03571,,,,,,,,,,
930.19,0.03571,,,,,,,,,,
932.19,0.03569,,,,,,,,,,
934.19,0.03577,,,,,,,,,,
936.19,0.03584,,,,,,,,,,
938.19,0.03593,,,,,,,,,,
940.19,0.03585,,,,,,,,,,
942.19,0.03624,,,,,,,,,,
944.19,0.03619,,,,,,,,,,
946.19,0.03625,,,,,,,,,,
948.19,0.0362,,,,,,,,,,
950.19,0.03622,,,,,,,,,,
952.19,0.0364,,,,,,,,,,
954.19,0.0364,,,,,,,,,,
956.19,0.03636,,,,,,,,,,
958.19,0.03664,,,,,,,,,,
960.19,0.03652,,,,,,,,,,
962.19,0.03669,,,,,,,,,,
964.19,0.03675,,,,,,,,,,
966.19,0.03689,,,,,,,,,,
968.19,0.03688,,,,,,,,,,
970.19,0.03687,,,,,,,,,,
972.19,0.03695,,,,,,,,,,
974.19,0.0373,,,,,,,,,,
976.19,0.03709,,,,,,,,,,
978.19,0.03726,,,,,,,,,,
980.19,0.03728,,,,,,,,,,
982.19,0.0373,,,,,,,,,,
983.1,0.03735,,,,,,,,,,
985.1,0.03736,,,,,,,,,,
987.1,0.03753,,,,,,,,,,
989.1,0.03763,,,,,,,,,,
991.1,0.03755,,,,,,,,,,
993.1,0.03769,,,,,,,,,,
995.1,0.03767,,,,,,,,,,
997.1,0.03769,,,,,,,,,,
999.1,0.03796,,,,,,,,,,
1001.1,0.03797,,,,,,,,,,
1003.1,0.03797,,,,,,,,,,
1005.1,0.03813,,,,,,,,,,
1007.1,0.03816,,,,,,,,,,
1009.1,0.03832,,,,,,,,,,
1011.1,0.03825,,,,,,,,,,
1013.1,0.0382,,,,,,,,,,
1015.1,0.03848,,,,,,,,,,
1017.1,0.03852,,,,,,,,,,
1019.1,0.0385,,,,,,,,,,
1021.1,0.03861,,,,,,,,,,
1023.1,0.03886,,,,,,,,,,
1025.1,0.03875,,,,,,,,,,
1027.1,0.03873,,,,,,,,,,
1029.1,0.03878,,,,,,,,,,
1031.1,0.03896,,,,,,,,,,
1033.1,0.03907,,,,,,,,,,
1035.1,0.03902,,,,,,,,,,
1037.1,0.03925,,,,,,,,,,
1039.1,0.03921,,,,,,,,,,
1041.1,0.03921,,,,,,,,,,
1043.1,0.03941,,,,,,,,,,
1045.1,0.03942,,,,,,,,,,
1047.1,0.03949,,,,,,,,,,
1049.1,0.0396,,,,,,,,,,
1051.1,0.03962,,,,,,,,,,
1053.1,0.0395,,,,,,,,,,
1055.1,0.03985,,,,,,,,,,
1057.1,0.03981,,,,,,,,,,
1063.4,0.03994,,,,,,,,,,
1065.4,0.04005,,,,,,,,,,
1067.4,0.04031,,,,,,,,,,
1069.4,0.04022,,,,,,,,,,
1071.4,0.04016,,,,,,,,,,
1073.4,0.04052,,,,,,,,,,
1075.4,0.04058,,,,,,,,,,
1077.4,0.04058,,,,,,,,,,
1079.4,0.04046,,,,,,,,,,
1081.4,0.04055,,,,,,,,,,
1083.4,0.04072,,,,,,,,,,
1085.4,0.04075,,,,,,,,,,
1087.3,0.04083,,,,,,,,,,
1089.3,0.04072,,,,,,,,,,
1091.3,0.04078,,,,,,,,,,
1093.3,0.04106,,,,,,,,,,
1095.3,0.04099,,,,,,,,,,
1097.3,0.04121,,,,,,,,,,
1099.3,0.04095,,,,,,,,,,
1101.3,0.0413,,,,,,,,,,
1103.3,0.04145,,,,,,,,,,
1105.3,0.04146,,,,,,,,,,
1107.3,0.04145,,,,,,,,,,
1109.3,0.04159,,,,,,,,,,
1111.3,0.0418,,,,,,,,,,
1113.3,0.04179,,,,,,,,,,
1115.3,0.04168,,,,,,,,,,
1117.3,0.04186,,,,,,,,,,
1119.3,0.04209,,,,,,,,,,
1121.3,0.04196,,,,,,,,,,
1123.3,0.04207,,,,,,,,,,
1125.3,0.04204,,,,,,,,,,
1127.3,0.04213,,,,,,,,,,
1129.3,0.04227,,,,,,,,,,
1131.3,0.0424,,,,,,,,,,
1133.3,0.04245,,,,,,,,,,
1135.3,0.04242,,,,,,,,,,
1137.3,0.04265,,,,,,,,,,
1139.3,0.0425,,,,,,,,,,
1141.3,0.04269,,,,,,,,,,
1143.3,0.04286,,,,,,,,,,
1145.3,0.04289,,,,,,,,,,
1147.3,0.04309,,,,,,,,,,
1149.3,0.04313,,,,,,,,,,
1151.2,0.04306,,,,,,,,,,
1153.2,0.04319,,,,,,,,,,
1155.2,0.04314,,,,,,,,,,
1157.2,0.04329,,,,,,,,,,
1159.2,0.04324,,,,,,,,,,
1161.2,0.04313,,,,,,,,,,
1163.2,0.0433,,,,,,,,,,
1165.2,0.04359,,,,,,,,,,
1167.2,0.04354,,,,,,,,,,
1169.2,0.04343,,,,,,,,,,
1171.2,0.04367,,,,,,,,,,
1173.2,0.04365,,,,,,,,,,
1175.2,0.04396,,,,,,,,,,
1177.2,0.04407,,,,,,,,,,
1179.2,0.04426,,,,,,,,,,
1181.2,0.04437,,,,,,,,,,
1183.2,0.04441,,,,,,,,,,
1185.2,0.04425,,,,,,,,,,
1187.2,0.04453,,,,,,,,,,
1189.2,0.04439,,,,,,,,,,
1191.2,0.04459,,,,,,,,,,
1193.2,0.04469,,,,,,,,,,
1195.2,0.0449,,,,,,,,,,
1197.2,0.04493,,,,,,,,,,
1199.2,0.04482,,,,,,,,,,
1201.2,0.04506,,,,,,,,,,
1203.2,0.04518,,,,,,,,,,
1205.2,0.04516,,,,,,,,,,
1207.2,0.04523,,,,,,,,,,
1209.2,0.04544,,,,,,,,,,
1211.2,0.0454,,,,,,,,,,
1213.2,0.04573,,,,,,,,,,
1215.2,0.04552,,,,,,,,,,
1217.2,0.04567,,,,,,,,,,
1219.2,0.04568,,,,,,,,,,
1221.2,0.04581,,,,,,,,,,
1223.2,0.046,,,,,,,,,,
1225.2,0.0459,,,,,,,,,,
1227.2,0.04606,,,,,,,,,,
1229.2,0.04625,,,,,,,,,,
1231.2,0.04615,,,,,,,,,,
1233.2,0.04621,,,,,,,,,,
1235.2,0.04632,,,,,,,,,,
1237.2,0.04643,,,,,,,,,,
1239.2,0.04646,,,,,,,,,,
1241.2,0.04667,,,,,,,,,,
1243.2,0.04669,,,,,,,,,,
1245.2,0.04679,,,,,,,,,,
1247.2,0.04668,,,,,,,,,,
1249.2,0.04701,,,,,,,,,,
1251.2,0.04729,,,,,,,,,,
1253.2,0.04706,,,,,,,,,,
1255.2,0.04733,,,,,,,,,,
1257.2,0.04729,,,,,,,,,,
1259.2,0.04729,,,,,,,,,,
1261.2,0.04748,,,,,,,,,,
1263.2,0.04766,,,,,,,,,,
1265.2,0.04755,,,,,,,,,,
1267.2,0.04762,,,,,,,,,,
1269.2,0.04772,,,,,,,,,,
1271.2,0.04783,,,,,,,,,,
1273.2,0.04784,,,,,,,,,,
1275.2,0.04795,,,,,,,,,,
1277.2,0.04805,,,,,,,,,,
1279.2,0.04799,,,,,,,,,,
1281.2,0.04808,,,,,,,,,,
1283.2,0.04845,,,,,,,,,,
1285.2,0.04835,,,,,,,,,,
1287.2,0.04863,,,,,,,,,,
1289.2,0.04847,,,,,,,,,,
1291.2,0.04858,,,,,,,,,,
1293.2,0.0488,,,,,,,,,,
1295.2,0.04878,,,,,,,,,,
1297.2,0.04881,,,,,,,,,,
1299.2,0.04903,,,,,,,,,,
1301.2,0.04907,,,,,,,,,,
1303.2,0.04926,,,,,,,,,,
1305.2,0.04907,,,,,,,,,,
1307.2,0.04934,,,,,,,,,,
1309.2,0.0494,,,,,,,,,,
1311.2,0.04948,,,,,,,,,,
1313.2,0.04951,,,,,,,,,,
1315.2,0.04962,,,,,,,,,,
1317.2,0.04959,,,,,,,,,,
1319.2,0.04991,,,,,,,,,,
1321.2,0.04975,,,,,,,,,,
1323.2,0.04985,,,,,,,,,,
1325.2,0.05016,,,,,,,,,,
1327.2,0.0501,,,,,,,,,,
1329.2,0.05034,,,,,,,,,,
1331.2,0.05034,,,,,,,,,,
1333.2,0.05051,,,,,,,,,,
1335.2,0.0504,,,,,,,,,,
1337.2,0.0505,,,,,,,,,,
1339.2,0.0505,,,,,,,,,,
1341.2,0.05079,,,,,,,,,,
1343.2,0.05087,,,,,,,,,,
1345.2,0.05104,,,,,,,,,,
1347.2,0.05098,,,,,,,,,,
1349.2,0.05103,,,,,,,,,,
1351.2,0.05119,,,,,,,,,,
1353.2,0.0512,,,,,,,,,,
1355.2,0.05133,,,,,,,,,,
1357.2,0.05145,,,,,,,,,,
1359.2,0.05132,,,,,,,,,,
1361.2,0.05155,,,,,,,,,,
1363.2,0.05171,,,,,,,,,,
1365.2,0.05171,,,,,,,,,,
1367.2,0.05178,,,,,,,,,,
1369.2,0.05201,,,,,,,,,,
1371.2,0.05206,,,,,,,,,,
1373.2,0.05197,,,,,,,,,,
1375.2,0.05218,,,,,,,,,,
1377.2,0.05225,,,,,,,,,,
1379.2,0.05232,,,,,,,,,,
1381.2,0.05245,,,,,,,,,,
1383.2,0.05259,,,,,,,,,,
1385.2,0.05271,,,,,,,,,,
1387.2,0.05267,,,,,,,,,,
1389.2,0.0528,,,,,,,,,,
1391.2,0.05296,,,,,,,,,,
1393.2,0.0529,,,,,,,,,,
1395.2,0.05296,,,,,,,,,,
1397.2,0.05313,,,,,,,,,,
1399.2,0.05324,,,,,,,,,,
1401.2,0.05315,,,,,,,,,,
1403.2,0.05335,,,,,,,,,,
1405.2,0.05342,,,,,,,,,,
1407.2,0.05361,,,,,,,,,,
1409.2,0.05373,,,,,,,,,,
1411.2,0.05377,,,,,,,,,,
1413.2,0.05383,,,,,,,,,,
1415.2,0.05383,,,,,,,,,,
1417.2,0.05398,,,,,,,,,,
1419.2,0.05409,,,,,,,,,,
1421.2,0.05422,,,,,,,,,,
1423.2,0.05432,,,,,,,,,,
1425.2,0.05452,,,,,,,,,,
1427.2,0.05449,,,,,,,,,,
1429.2,0.05462,,,,,,,,,,
1431.2,0.05467,,,,,,,,,,
1433.2,0.05472,,,,,,,,,,
1435.2,0.05492,,,,,,,,,,
1437.2,0.05486,,,,,,,,,,
1439.2,0.05501,,,,,,,,,,
1441.2,0.05507,,,,,,,,,,
1443.2,0.05521,,,,,,,,,,
1445.2,0.05535,,,,,,,,,,
1447.2,0.05548,,,,,,,,,,
1449.2,0.05572,,,,,,,,,,
1451.2,0.05562,,,,,,,,,,
1453.2,0.0557,,,,,,,,,,
1455.2,0.05585,,,,,,,,,,
1457.2,0.05584,,,,,,,,,,
1459.2,0.05602,,,,,,,,,,
1461.2,0.05613,,,,,,,,,,
1463.2,0.05634,,,,,,,,,,
1465.2,0.05622,,,,,,,,,,
1467.2,0.05636,,,,,,,,,,
1469.2,0.0563,,,,,,,,,,
1471.2,0.05666,,,,,,,,,,
1473.2,0.05647,,,,,,,,,,
1475.2,0.0568,,,,,,,,,,
1477.2,0.05684,,,,,,,,,,
1479.2,0.05715,,,,,,,,,,
1481.2,0.05687,,,,,,,,,,
1483.2,0.05702,,,,,,,,,,
1485.2,0.05716,,,,,,,,,,
1487.2,0.05733,,,,,,,,,,
1489.2,0.05741,,,,,,,,,,
1491.2,0.05748,,,,,,,,,,
1493.2,0.05762,,,,,,,,,,
1495.2,0.05774,,,,,,,,,,
1497.2,0.05794,,,,,,,,,,
1499.2,0.05806,,,,,,,,,,
1501.2,0.05797,,,,,,,,,,
1503.2,0.05809,,,,,,,,,,
1505.2,0.05833,,,,,,,,,,
1507.2,0.05831,,,,,,,,,,
1509.2,0.05857,,,,,,,,,,
1511.2,0.05863,,,,,,,,,,
1513.2,0.05872,,,,,,,,,,
1515.2,0.0588,,,,,,,,,,
1517.2,0.05891,,,,,,,,,,
1519.2,0.05892,,,,,,,,,,
1521.2,0.05915,,,,,,,,,,
1523.2,0.05928,,,,,,,,,,
1525.2,0.05943,,,,,,,,,,
1527.2,0.05937,,,,,,,,,,
1529.2,0.0596,,,,,,,,,,
1531.2,0.05976,,,,,,,,,,
1533.2,0.05948,,,,,,,,,,
1535.2,0.05989,,,,,,,,,,
1537.2,0.05979,,,,,,,,,,
1539.2,0.05983,,,,,,,,,,
1541.2,0.06006,,,,,,,,,,
1543.2,0.06024,,,,,,,,,,
1545.2,0.06025,,,,,,,,,,
1547.2,0.06048,,,,,,,,,,
1549.2,0.06057,,,,,,,,,,
1551.2,0.06067,,,,,,,,,,
1553.2,0.06076,,,,,,,,,,
1555.2,0.06094,,,,,,,,,,
1557.2,0.06098,,,,,,,,,,
1559.2,0.06124,,,,,,,,,,
1561.2,0.06127,,,,,,,,,,
1563.2,0.0613,,,,,,,,,,
1565.2,0.06134,,,,,,,,,,
1567.2,0.06141,,,,,,,,,,
1569.2,0.06164,,,,,,,,,,
1571.2,0.06173,,,,,,,,,,
1573.2,0.06169,,,,,,,,,,
1575.2,0.06191,,,,,,,,,,
1577.2,0.06211,,,,,,,,,,
1579.2,0.06208,,,,,,,,,,
1581.2,0.06215,,,,,,,,,,
1583.2,0.06238,,,,,,,,,,
1585.2,0.06226,,,,,,,,,,
1587.2,0.06254,,,,,,,,,,
1589.2,0.06275,,,,,,,,,,
1591.2,0.06268,,,,,,,,,,
1593.2,0.06284,,,,,,,,,,
1595.2,0.06312,,,,,,,,,,
1597.2,0.06302,,,,,,,,,,
1599.2,0.06327,,,,,,,,,,
1601.2,0.0633,,,,,,,,,,
1603.2,0.06325,,,,,,,,,,
1605.2,0.06332,,,,,,,,,,
1607.2,0.06362,,,,,,,,,,
1609.2,0.06376,,,,,,,,,,
1611.2,0.06395,,,,,,,,,,
1613.2,0.06371,,,,,,,,,,
1615.2,0.06424,,,,,,,,,,
1617.2,0.06408,,,,,,,,,,
1619.2,0.06408,,,,,,,,,,
1621.2,0.06438,,,,,,,,,,
1623.2,0.06441,,,,,,,,,,
1625.2,0.06454,,,,,,,,,,
1627.2,0.06469,,,,,,,,,,
1629.2,0.06467,,,,,,,,,,
1631.2,0.06487,,,,,,,,,,
1633.2,0.06496,,,,,,,,,,
1635.2,0.06506,,,,,,,,,,
1637.2,0.06513,,,,,,,,,,
1639.2,0.06535,,,,,,,,,,
1641.2,0.06542,,,,,,,,,,
1643.2,0.06559,,,,,,,,,,
1645.2,0.06557,,,,,,,,,,
1647.2,0.06575,,,,,,,,,,
1649.2,0.0657,,,,,,,,,,
1651.2,0.066,,,,,,,,,,
1653.2,0.06614,,,,,,,,,,
1655.2,0.06629,,,,,,,,,,
1657.2,0.0664,,,,,,,,,,
1659.2,0.06645,,,,,,,,,,
1661.2,0.0666,,,,,,,,,,
1663.2,0.06652,,,,,,,,,,
1665.2,0.06675,,,,,,,,,,
1667.2,0.06692,,,,,,,,,,
1669.2,0.06693,,,,,,,,,,
1671.2,0.06711,,,,,,,,,,
1673.2,0.06707,,,,,,,,,,
1675.2,0.06733,,,,,,,,,,
1677.2,0.06727,,,,,,,,,,
1679.2,0.06736,,,,,,,,,,
1681.2,0.06765,,,,,,,,,,
1683.2,0.06792,,,,,,,,,,
1685.2,0.06785,,,,,,,,,,
1687.2,0.06791,,,,,,,,,,
1689.2,0.06803,,,,,,,,,,
1691.2,0.06829,,,,,,,,,,
1693.2,0.06844,,,,,,,,,,
1695.2,0.0685,,,,,,,,,,
1697.2,0.06866,,,,,,,,,,
1699.2,0.06864,,,,,,,,,,
1701.2,0.06895,,,,,,,,,,
1703.2,0.06901,,,,,,,,,,
1705.2,0.06907,,,,,,,,,,
1707.2,0.06914,,,,,,,,,,
1709.2,0.06925,,,,,,,,,,
1711.2,0.06941,,,,,,,,,,
1713.2,0.06966,,,,,,,,,,
1715.2,0.06972,,,,,,,,,,
1717.2,0.06979,,,,,,,,,,
1719.2,0.06985,,,,,,,,,,
1721.2,0.07001,,,,,,,,,,
1723.2,0.07012,,,,,,,,,,
1725.2,0.07033,,,,,,,,,,
1727.2,0.07057,,,,,,,,,,
1729.2,0.07067,,,,,,,,,,
1731.2,0.07046,,,,,,,,,,
1733.2,0.07041,,,,,,,,,,
1735.2,0.07068,,,,,,,,,,
1737.2,0.07084,,,,,,,,,,
1739.2,0.07101,,,,,,,,,,
1741.2,0.07104,,,,,,,,,,
1743.2,0.07119,,,,,,,,,,
1745.2,0.07133,,,,,,,,,,
1747.2,0.07153,,,,,,,,,,
1749.2,0.07153,,,,,,,,,,
1751.2,0.07186,,,,,,,,,,
1753.2,0.07182,,,,,,,,,,
1755.2,0.07183,,,,,,,,,,
1757.2,0.072,,,,,,,,,,
1759.2,0.07218,,,,,,,,,,
1761.2,0.0724,,,,,,,,,,
1763.2,0.07236,,,,,,,,,,
1765.2,0.07265,,,,,,,,,,
1767.2,0.07279,,,,,,,,,,
1769.2,0.07288,,,,,,,,,,
1771.2,0.073,,,,,,,,,,
1773.2,0.07312,,,,,,,,,,
1775.2,0.0733,,,,,,,,,,
1777.2,0.07347,,,,,,,,,,
1779.2,0.07336,,,,,,,,,,
1781.2,0.07381,,,,,,,,,,
1783.2,0.07392,,,,,,,,,,
1785.2,0.07399,,,,,,,,,,
1787.2,0.074,,,,,,,,,,
1789.2,0.0741,,,,,,,,,,
1791.2,0.0742,,,,,,,,,,
1793.2,0.07453,,,,,,,,,,
1795.2,0.07459,,,,,,,,,,
1797.2,0.07481,,,,,,,,,,
1799.2,0.07492,,,,,,,,,,
1801.2,0.07499,,,,,,,,,,
1803.2,0.07514,,,,,,,,,,
1805.2,0.07526,,,,,,,,,,
1807.2,0.07534,,,,,,,,,,
1809.2,0.07561,,,,,,,,,,
1811.2,0.07567,,,,,,,,,,
1813.2,0.07583,,,,,,,,,,
1815.2,0.07589,,,,,,,,,,
1817.2,0.07618,,,,,,,,,,
1819.2,0.07615,,,,,,,,,,
1821.2,0.07653,,,,,,,,,,
1823.2,0.07641,,,,,,,,,,
1825.2,0.07655,,,,,,,,,,
1827.2,0.07662,,,,,,,,,,
1829.2,0.07698,,,,,,,,,,
1831.2,0.07704,,,,,,,,,,
1833.2,0.07713,,,,,,,,,,
1835.2,0.07733,,,,,,,,,,
1837.2,0.07727,,,,,,,,,,
1839.2,0.07752,,,,,,,,,,
1841.2,0.07766,,,,,,,,,,
1843.2,0.07763,,,,,,,,,,
1845.2,0.07798,,,,,,,,,,
1847.2,0.07798,,,,,,,,,,
1849.2,0.07807,,,,,,,,,,
1851.2,0.07826,,,,,,,,,,
1853.2,0.07835,,,,,,,,,,
1855.2,0.07852,,,,,,,,,,
1857.2,0.0787,,,,,,,,,,
1859.2,0.07881,,,,,,,,,,
1861.2,0.07896,,,,,,,,,,
1863.2,0.07901,,,,,,,,,,
1865.2,0.07938,,,,,,,,,,
1867.2,0.07934,,,,,,,,,,
1869.2,0.07956,,,,,,,,,,
1871.2,0.0795,,,,,,,,,,
1873.2,0.07971,,,,,,,,,,
1875.2,0.07981,,,,,,,,,,
1877.2,0.0798,,,,,,,,,,
1879.2,0.08017,,,,,,,,,,
1881.2,0.08026,,,,,,,,,,
1883.2,0.08031,,,,,,,,,,
1885.2,0.08049,,,,,,,,,,
1887.2,0.08068,,,,,,,,,,
1889.2,0.08097,,,,,,,,,,
1891.2,0.08095,,,,,,,,,,
1893.2,0.08113,,,,,,,,,,
1895.2,0.08129,,,,,,,,,,
1897.2,0.08133,,,,,,,,,,
1899.2,0.0813,,,,,,,,,,
1901.2,0.0814,,,,,,,,,,
1903,0.08153,,,,,,,,,,
1905,0.08176,,,,,,,,,,
1907,0.08201,,,,,,,,,,
1909,0.08216,,,,,,,,,,
1911,0.08241,,,,,,,,,,
1913,0.08234,,,,,,,,,,
1915,0.08269,,,,,,,,,,
1917,0.08281,,,,,,,,,,
1919,0.08299,,,,,,,,,,
1921,0.08315,,,,,,,,,,
1923,0.083,,,,,,,,,,
1925,0.08279,,,,,,,,,,
1927,0.08331,,,,,,,,,,
1929,0.0834,,,,,,,,,,
1931,0.08363,,,,,,,,,,
1933,0.08394,,,,,,,,,,
1935,0.08385,,,,,,,,,,
1937,0.08435,,,,,,,,,,
1939,0.08418,,,,,,,,,,
1941,0.08452,,,,,,,,,,
1943,0.08443,,,,,,,,,,
1945,0.08465,,,,,,,,,,
1947,0.08494,,,,,,,,,,
1949,0.08481,,,,,,,,,,
1951,0.08472,,,,,,,,,,
1953,0.08487,,,,,,,,,,
1955,0.08478,,,,,,,,,,
1957,0.08513,,,,,,,,,,
1959,0.0852,,,,,,,,,,
1961,0.08536,,,,,,,,,,
1963,0.08558,,,,,,,,,,
1965,0.08584,,,,,,,,,,
1967,0.08607,,,,,,,,,,
1969,0.08612,,,,,,,,,,
1971,0.08636,,,,,,,,,,
1973,0.08675,,,,,,,,,,
1975,0.08702,,,,,,,,,,
1977,0.08694,,,,,,,,,,
1979,0.08713,,,,,,,,,,
1981,0.08729,,,,,,,,,,
1983,0.08754,,,,,,,,,,
1985,0.08763,,,,,,,,,,
1987,0.08774,,,,,,,,,,
1989,0.08792,,,,,,,,,,
1991,0.0881,,,,,,,,,,
1993,0.0881,,,,,,,,,,
1995,0.08836,,,,,,,,,,
1997,0.08836,,,,,,,,,,
1999,0.08865,,,,,,,,,,
2001,0.08891,,,,,,,,,,
2003,0.08899,,,,,,,,,,
2005,0.08913,,,,,,,,,,
2007,0.08925,,,,,,,,,,
2009,0.08958,,,,,,,,,,
2011,0.08949,,,,,,,,,,
2013,0.08946,,,,,,,,,,
2015,0.0898,,,,,,,,,,
2017,0.08995,,,,,,,,,,
2019,0.09021,,,,,,,,,,
2021,0.09032,,,,,,,,,,
2023,0.09053,,,,,,,,,,
2025,0.09064,,,,,,,,,,
2027,0.09076,,,,,,,,,,
2029,0.09084,,,,,,,,,,
2031,0.0912,,,,,,,,,,
2033,0.09127,,,,,,,,,,
2035,0.09139,,,,,,,,,,
2037,0.09146,,,,,,,,,,
2039,0.09191,,,,,,,,,,
2041,0.09183,,,,,,,,,,
2043,0.09208,,,,,,,,,,
2045,0.09226,,,,,,,,,,
2047,0.09235,,,,,,,,,,
2049,0.09236,,,,,,,,,,
2051,0.09262,,,,,,,,,,
2053,0.09289,,,,,,,,,,
2055,0.09308,,,,,,,,,,
2057,0.09309,,,,,,,,,,
2059,0.09329,,,,,,,,,,
2061,0.09343,,,,,,,,,,
2063,0.09349,,,,,,,,,,
2065,0.09335,,,,,,,,,,
2067,0.09331,,,,,,,,,,
2069,0.09369,,,,,,,,,,
2071,0.09413,,,,,,,,,,
2073,0.09452,,,,,,,,,,
2075,0.09453,,,,,,,,,,
2077,0.09483,,,,,,,,,,
2079,0.0949,,,,,,,,,,
2081,0.09506,,,,,,,,,,
2083,0.09527,,,,,,,,,,
2085,0.09521,,,,,,,,,,
2087,0.09546,,,,,,,,,,
2089,0.09566,,,,,,,,,,
2091,0.09577,,,,,,,,,,
2093,0.09609,,,,,,,,,,
2095,0.0962,,,,,,,,,,
2097,0.09648,,,,,,,,,,
2099,0.09655,,,,,,,,,,
2101,0.09658,,,,,,,,,,
2103,0.09689,,,,,,,,,,
2105,0.0969,,,,,,,,,,
2107,0.09718,,,,,,,,,,
2109,0.09731,,,,,,,,,,
2111,0.09741,,,,,,,,,,
2113,0.09767,,,,,,,,,,
2115,0.098,,,,,,,,,,
2117,0.09811,,,,,,,,,,
2119,0.0981,,,,,,,,,,
2121,0.09816,,,,,,,,,,
2123,0.09859,,,,,,,,,,
2125,0.09862,,,,,,,,,,
2127,0.09899,,,,,,,,,,
2129,0.09896,,,,,,,,,,
2131,0.09922,,,,,,,,,,
2133,0.09943,,,,,,,,,,
2135,0.09963,,,,,,,,,,
2137,0.09979,,,,,,,,,,
2139,0.09987,,,,,,,,,,
2141,0.10019,,,,,,,,,,
2143,0.10026,,,,,,,,,,
2145,0.10043,,,,,,,,,,
2147,0.10057,,,,,,,,,,
2149,0.10057,,,,,,,,,,
2151,0.10078,,,,,,,,,,
2153,0.10113,,,,,,,,,,
2155,0.10138,,,,,,,,,,
2157,0.1015,,,,,,,,,,
2159,0.10177,,,,,,,,,,
2161,0.10178,,,,,,,,,,
2163,0.10211,,,,,,,,,,
2165,0.10229,,,,,,,,,,
2167,0.10234,,,,,,,,,,
2169,0.1026,,,,,,,,,,
2171,0.10275,,,,,,,,,,
2173,0.10279,,,,,,,,,,
2175,0.10303,,,,,,,,,,
2177,0.10316,,,,,,,,,,
2179,0.10339,,,,,,,,,,
2181,0.10351,,,,,,,,,,
2183,0.10384,,,,,,,,,,
2185,0.10392,,,,,,,,,,
2187,0.10407,,,,,,,,,,
2189,0.1044,,,,,,,,,,
2191,0.1044,,,,,,,,,,
2193,0.10473,,,,,,,,,,
2195,0.10494,,,,,,,,,,
2197,0.1049,,,,,,,,,,
2199,0.10508,,,,,,,,,,
2201,0.10521,,,,,,,,,,
2203,0.10579,,,,,,,,,,
2205,0.10569,,,,,,,,,,
2207,0.10589,,,,,,,,,,
2209,0.10612,,,,,,,,,,
2211,0.10613,,,,,,,,,,
2213,0.10635,,,,,,,,,,
2215,0.10658,,,,,,,,,,
2217,0.10686,,,,,,,,,,
2219,0.10708,,,,,,,,,,
2221,0.1072,,,,,,,,,,
2223,0.10732,,,,,,,,,,
2225,0.10753,,,,,,,,,,
2227,0.10769,,,,,,,,,,
2229,0.10785,,,,,,,,,,
2231,0.10811,,,,,,,,,,
2233,0.10842,,,,,,,,,,
2235,0.10846,,,,,,,,,,
2237,0.10865,,,,,,,,,,
2239,0.1088,,,,,,,,,,
2241,0.10896,,,,,,,,,,
2243,0.10911,,,,,,,,,,
2245,0.10933,,,,,,,,,,
2247,0.10954,,,,,,,,,,
2249,0.10978,,,,,,,,,,
2251,0.10994,,,,,,,,,,
2253,0.11019,,,,,,,,,,
2255,0.11031,,,,,,,,,,
2257,0.11039,,,,,,,,,,
2259,0.11066,,,,,,,,,,
2261,0.11087,,,,,,,,,,
2263,0.11103,,,,,,,,,,
2265,0.11133,,,,,,,,,,
2267,0.1114,,,,,,,,,,
2269,0.11164,,,,,,,,,,
2271,0.11176,,,,,,,,,,
2273,0.11201,,,,,,,,,,
2275,0.11233,,,,,,,,,,
2277,0.11228,,,,,,,,,,
2279,0.1128,,,,,,,,,,
2281,0.11284,,,,,,,,,,
2283,0.11306,,,,,,,,,,
2285,0.11319,,,,,,,,,,
2287,0.11329,,,,,,,,,,
2289,0.11347,,,,,,,,,,
2291,0.11387,,,,,,,,,,
2293,0.11393,,,,,,,,,,
2295,0.11406,,,,,,,,,,
2297,0.11448,,,,,,,,,,
2299,0.11456,,,,,,,,,,
2301,0.11472,,,,,,,,,,
2303,0.11489,,,,,,,,,,
2305,0.11495,,,,,,,,,,
2307,0.1155,,,,,,,,,,
2309,0.11568,,,,,,,,,,
2311,0.11582,,,,,,,,,,
2313,0.11584,,,,,,,,,,
2315,0.11614,,,,,,,,,,
2317,0.11637,,,,,,,,,,
2319,0.11671,,,,,,,,,,
2321,0.11665,,,,,,,,,,
2323,0.11685,,,,,,,,,,
2325,0.11721,,,,,,,,,,
2327,0.11755,,,,,,,,,,
2329,0.11753,,,,,,,,,,
2331,0.11778,,,,,,,,,,
2333,0.11783,,,,,,,,,,
2335,0.11813,,,,,,,,,,
2337,0.11845,,,,,,,,,,
2339,0.11826,,,,,,,,,,
2341,0.11878,,,,,,,,,,
2343,0.11899,,,,,,,,,,
2345,0.11922,,,,,,,,,,
2347,0.11926,,,,,,,,,,
2349,0.11965,,,,,,,,,,
2351,0.1197,,,,,,,,,,
2353,0.11999,,,,,,,,,,
2355,0.12028,,,,,,,,,,
2357,0.12046,,,,,,,,,,
2359,0.1205,,,,,,,,,,
2361,0.12096,,,,,,,,,,
2363,0.12101,,,,,,,,,,
2365,0.12123,,,,,,,,,,
2367,0.12144,,,,,,,,,,
2369,0.12172,,,,,,,,,,
2371,0.1219,,,,,,,,,,
2373,0.12213,,,,,,,,,,
2375,0.12226,,,,,,,,,,
2377,0.12246,,,,,,,,,,
2399.2,0.12451,,,,,,,,,,
2401.2,0.12491,,,,,,,,,,
2403.2,0.12495,,,,,,,,,,
2405.2,0.12539,,,,,,,,,,
2407.2,0.12562,,,,,,,,,,
2409.2,0.12579,,,,,,,,,,
2411.2,0.12587,,,,,,,,,,
2413.2,0.1262,,,,,,,,,,
2415.2,0.12642,,,,,,,,,,
2417.2,0.12652,,,,,,,,,,
2419.2,0.12678,,,,,,,,,,
2421.2,0.12717,,,,,,,,,,
2423.2,0.12716,,,,,,,,,,
2425.2,0.12762,,,,,,,,,,
2427.2,0.12775,,,,,,,,,,
2429.2,0.1279,,,,,,,,,,
2431.2,0.12805,,,,,,,,,,
2433.2,0.12834,,,,,,,,,,
2435.2,0.12873,,,,,,,,,,
2437.2,0.12881,,,,,,,,,,
2439.2,0.12924,,,,,,,,,,
2441.2,0.12949,,,,,,,,,,
2443.2,0.12965,,,,,,,,,,
2445.2,0.12979,,,,,,,,,,
2447.2,0.13,,,,,,,,,,
2449.2,0.13025,,,,,,,,,,
2451.2,0.13038,,,,,,,,,,
2453.2,0.13074,,,,,,,,,,
2455.2,0.13083,,,,,,,,,,
2457.2,0.13116,,,,,,,,,,
2459.2,0.13148,,,,,,,,,,
2461.2,0.13156,,,,,,,,,,
2463.2,0.1318,,,,,,,,,,
2465.2,0.13191,,,,,,,,,,
2467.2,0.13251,,,,,,,,,,
2469.2,0.13256,,,,,,,,,,
2471.2,0.13278,,,,,,,,,,
2473.2,0.13289,,,,,,,,,,
2475.2,0.13312,,,,,,,,,,
2477.2,0.13336,,,,,,,,,,
2479.2,0.13378,,,,,,,,,,
2481.2,0.13389,,,,,,,,,,
2483.2,0.13418,,,,,,,,,,
2485.2,0.13426,,,,,,,,,,
2487.2,0.13472,,,,,,,,,,
2489.2,0.1346,,,,,,,,,,
2491.2,0.13506,,,,,,,,,,
2493.2,0.13512,,,,,,,,,,
2495.2,0.13553,,,,,,,,,,
2497.2,0.13582,,,,,,,,,,
2499.2,0.13604,,,,,,,,,,
2501.2,0.13628,,,,,,,,,,
2503.2,0.13668,,,,,,,,,,
2505.2,0.13677,,,,,,,,,,
2507.2,0.1371,,,,,,,,,,
2509.2,0.13713,,,,,,,,,,
2511.2,0.13739,,,,,,,,,,
2513.2,0.13785,,,,,,,,,,
2515.2,0.13807,,,,,,,,,,
2517.2,0.1379,,,,,,,,,,
2519.2,0.13848,,,,,,,,,,
2521.2,0.13871,,,,,,,,,,
2543,0.14099,,,,,,,,,,
2545,0.14142,,,,,,,,,,
2547,0.14139,,,,,,,,,,
2549,0.14148,,,,,,,,,,
2551,0.14207,,,,,,,,,,
2553,0.14253,,,,,,,,,,
2555,0.14278,,,,,,,,,,
2557,0.1429,,,,,,,,,,
2559,0.14331,,,,,,,,,,
2561,0.14342,,,,,,,,,,
2563,0.14383,,,,,,,,,,
2565,0.14409,,,,,,,,,,
2567,0.14418,,,,,,,,,,
2569,0.14451,,,,,,,,,,
2571,0.14463,,,,,,,,,,
2591.2,0.14669,,,,,,,,,,
2593.2,0.14734,,,,,,,,,,
2595.2,0.1477,,,,,,,,,,
2597.3,0.14771,,,,,,,,,,
2599.2,0.14811,,,,,,,,,,
2601.2,0.14847,,,,,,,,,,
2663.3,0.15688,,,,,,,,,,
2665.3,0.15746,,,,,,,,,,
2667.3,0.15768,,,,,,,,,,
2669.3,0.15809,,,,,,,,,,
2671.3,0.15842,,,,,,,,,,
2673.3,0.15861,,,,,,,,,,
2675.3,0.15919,,,,,,,,,,
2677.3,0.15929,,,,,,,,,,
2679.3,0.15937,,,,,,,,,,
2681.3,0.15983,,,,,,,,,,
2683.3,0.16007,,,,,,,,,,
2685.3,0.16045,,,,,,,,,,
2687.3,0.16076,,,,,,,,,,
2689.3,0.16108,,,,,,,,,,
2691.3,0.1613,,,,,,,,,,
2693.3,0.1615,,,,,,,,,,
2695.3,0.16178,,,,,,,,,,
2697,0.162,,,,,,,,,,
2699,0.16241,,,,,,,,,,
2701,0.16271,,,,,,,,,,
2703,0.16294,,,,,,,,,,
2705,0.16324,,,,,,,,,,
2707,0.1636,,,,,,,,,,
2709,0.16398,,,,,,,,,,
2711,0.16444,,,,,,,,,,
2713,0.1645,,,,,,,,,,
2715,0.16475,,,,,,,,,,
2717,0.16533,,,,,,,,,,
2719,0.16529,,,,,,,,,,
2721,0.16566,,,,,,,,,,
2723,0.1659,,,,,,,,,,
2725,0.16619,,,,,,,,,,
2727,0.16664,,,,,,,,,,
2729,0.16702,,,,,,,,,,
2731,0.16722,,,,,,,,,,
2733,0.16745,,,,,,,,,,
2735,0.1678,,,,,,,,,,
2737,0.16804,,,,,,,,,,
2739,0.16858,,,,,,,,,,
2741,0.16865,,,,,,,,,,
2743,0.16919,,,,,,,,,,
2745,0.16934,,,,,,,,,,
2747,0.16972,,,,,,,,,,
2749,0.17012,,,,,,,,,,
2751,0.17041,,,,,,,,,,
2753,0.17089,,,,,,,,,,
2755,0.17118,,,,,,,,,,
2757,0.17129,,,,,,,,,,
2759,0.17157,,,,,,,,,,
2761,0.17201,,,,,,,,,,
2763,0.17218,,,,,,,,,,
2765,0.17256,,,,,,,,,,
2767,0.17299,,,,,,,,,,
2769,0.17316,,,,,,,,,,
2831.1,0.18394,,,,,,,,,,
2831.1,0.18393,,,,,,,,,,
2833.1,0.18454,,,,,,,,,,
2835.1,0.18483,,,,,,,,,,
2837.1,0.18543,,,,,,,,,,
2839.1,0.1857,,,,,,,,,,
2841.1,0.18605,,,,,,,,,,
2843.1,0.18647,,,,,,,,,,
2845.1,0.1867,,,,,,,,,,
2847.1,0.18701,,,,,,,,,,
2849.1,0.18749,,,,,,,,,,
2851.1,0.18765,,,,,,,,,,
2853.1,0.18825,,,,,,,,,,
2855.1,0.18871,,,,,,,,,,
2857.1,0.18887,,,,,,,,,,
2859.1,0.18946,,,,,,,,,,
2861.1,0.18975,,,,,,,,,,
2863.1,0.19015,,,,,,,,,,
2865.1,0.19067,,,,,,,,,,
2867.1,0.19089,,,,,,,,,,
2869.1,0.1914,,,,,,,,,,
2871.1,0.19185,,,,,,,,,,
2873.1,0.19225,,,,,,,,,,
2875.1,0.19245,,,,,,,,,,
2877.1,0.193,,,,,,,,,,
2879,0.1933,,,,,,,,,,
2881,0.19391,,,,,,,,,,
2883,0.19404,,,,,,,,,,
2885,0.19446,,,,,,,,,,
2887,0.19508,,,,,,,,,,
2889,0.19547,,,,,,,,,,
2891,0.19585,,,,,,,,,,
2893,0.19634,,,,,,,,,,
2895,0.19688,,,,,,,,,,
2897,0.19716,,,,,,,,,,
2899,0.19761,,,,,,,,,,
2901,0.19803,,,,,,,,,,
2903,0.19846,,,,,,,,,,
2905,0.19894,,,,,,,,,,
2907,0.19915,,,,,,,,,,
2909,0.19977,,,,,,,,,,
2911,0.2001,,,,,,,,,,
2913,0.20056,,,,,,,,,,
2915,0.20115,,,,,,,,,,
2917,0.20141,,,,,,,,,,
2919,0.20181,,,,,,,,,,
2921,0.2022,,,,,,,,,,
2923,0.20285,,,,,,,,,,
2925,0.20327,,,,,,,,,,
2927,0.20366,,,,,,,,,,
2929,0.20406,,,,,,,,,,
2931,0.20466,,,,,,,,,,
2933,0.2051,,,,,,,,,,
2935,0.20561,,,,,,,,,,
2937,0.20592,,,,,,,,,,
2939,0.20657,,,,,,,,,,
2941,0.20669,,,,,,,,,,
2943,0.20721,,,,,,,,,,
2945,0.20788,,,,,,,,,,
2947,0.20817,,,,,,,,,,
2949,0.20875,,,,,,,,,,
2951,0.20911,,,,,,,,,,
2953,0.20949,,,,,,,,,,
2955,0.21025,,,,,,,,,,
2957,0.21068,,,,,,,,,,
2959,0.21115,,,,,,,,,,
2961,0.21172,,,,,,,,,,
2963,0.21219,,,,,,,,,,
2965,0.21254,,,,,,,,,,
2967,0.21316,,,,,,,,,,
2969,0.21356,,,,,,,,,,
2971,0.21405,,,,,,,,,,
2973,0.21456,,,,,,,,,,
2975,0.21497,,,,,,,,,,
2977,0.21574,,,,,,,,,,
2979,0.21618,,,,,,,,,,
2981,0.21692,,,,,,,,,,
2983,0.21706,,,,,,,,,,
2985,0.21767,,,,,,,,,,
2987,0.2181,,,,,,,,,,
2989,0.21867,,,,,,,,,,
2998.9,0.22057,,,,,,,,,,
2999,0.22067,,,,,,,,,,
3001,0.2213,,,,,,,,,,
3005.1,0.22202,,,,,,,,,,
3007.1,0.22296,,,,,,,,,,
3009.1,0.22364,,,,,,,,,,
3011.1,0.22435,,,,,,,,,,
3013.1,0.22496,,,,,,,,,,
3015.1,0.22565,,,,,,,,,,
3017.1,0.22553,,,,,,,,,,
3019.1,0.22596,,,,,,,,,,
3021.1,0.22638,,,,,,,,,,
3023,0.22691,,,,,,,,,,
3025,0.22762,,,,,,,,,,
3027,0.2278,,,,,,,,,,
3029,0.22872,,,,,,,,,,
3047.1,0.23507,,,,,,,,,,
3049.1,0.23588,,,,,,,,,,
3051.1,0.23632,,,,,,,,,,
3053.1,0.23714,,,,,,,,,,
3055.1,0.23786,,,,,,,,,,
3057.1,0.23861,,,,,,,,,,
3059.1,0.2391,,,,,,,,,,
3061.1,0.23956,,,,,,,,,,
3063.1,0.24048,,,,,,,,,,
3065.1,0.24106,,,,,,,,,,
3067.1,0.2417,,,,,,,,,,
3069.1,0.24257,,,,,,,,,,
3071,0.24303,,,,,,,,,,
3073,0.24388,,,,,,,,,,
3075,0.24454,,,,,,,,,,
3077,0.2454,,,,,,,,,,
3079,0.24592,,,,,,,,,,
3081,0.24669,,,,,,,,,,
3083,0.24754,,,,,,,,,,
3085,0.24841,,,,,,,,,,
3087,0.24906,,,,,,,,,,
3089,0.24987,,,,,,,,,,
3091,0.25034,,,,,,,,,,
3093,0.25137,,,,,,,,,,
3095,0.25236,,,,,,,,,,
3097,0.25293,,,,,,,,,,
3099,0.2537,,,,,,,,,,
3101,0.25477,,,,,,,,,,
3103,0.2558,,,,,,,,,,
3105,0.25631,,,,,,,,,,
3107,0.25746,,,,,,,,,,
3109,0.25829,,,,,,,,,,
3111,0.25921,,,,,,,,,,
3113,0.25998,,,,,,,,,,
3115,0.26101,,,,,,,,,,
3117,0.26199,,,,,,,,,,
3119,0.26287,,,,,,,,,,
3121,0.26377,,,,,,,,,,
3123,0.26488,,,,,,,,,,
3125,0.26587,,,,,,,,,,
3127,0.2668,,,,,,,,,,
3129,0.26792,,,,,,,,,,
3131,0.26899,,,,,,,,,,
3133,0.26993,,,,,,,,,,
3135,0.27117,,,,,,,,,,
3137,0.27212,,,,,,,,,,
3139,0.27323,,,,,,,,,,
3141,0.27448,,,,,,,,,,
3143,0.27546,,,,,,,,,,
3145,0.27683,,,,,,,,,,
3147,0.278,,,,,,,,,,
3149,0.27937,,,,,,,,,,
3151,0.28054,,,,,,,,,,
3153,0.28185,,,,,,,,,,
3155,0.28323,,,,,,,,,,
3157,0.28473,,,,,,,,,,
3159,0.28623,,,,,,,,,,
3161,0.28765,,,,,,,,,,
3163,0.28914,,,,,,,,,,
3165,0.29088,,,,,,,,,,
3167,0.29239,,,,,,,,,,
3169,0.29436,,,,,,,,,,
3171,0.29638,,,,,,,,,,
3172.5,0.29776,,,,,,,,,,
3173.5,0.29866,,,,,,,,,,
3175.1,0.3004,,,,,,,,,,
3176.4,0.30207,,,,,,,,,,
3177.5,0.30328,,,,,,,,,,
3179.5,0.30571,,,,,,,,,,
3180.5,0.30754,,,,,,,,,,
3182.5,0.31013,,,,,,,,,,
3183.5,0.31238,,,,,,,,,,
3184.5,0.31441,,,,,,,,,,
3185.5,0.31728,,,,,,,,,,
3186.1,0.3198,,,,,,,,,,
3186.6,0.32416,,,,,,,,,,
3186.6,0.33088,,,,,,,,,,
